plant,spearman
Actual_37.95_-121.75_2006_DPV_,0.9116588022727863
Actual_37.45_-121.95_2006_DPV_,0.9112077853754207
Actual_33.65_-117.25_2006_DPV_,0.9093991125334275
Actual_37.95_-121.65_2006_DPV_,0.9091969963376794
Actual_34.15_-117.25_2006_DPV_,0.9091746016260669
Actual_33.75_-116.25_2006_DPV_,0.8999063929358299
Actual_38.65_-121.25_2006_DPV_,0.8997770840064522
Actual_34.05_-117.15_2006_DPV_,0.899594565452006
Actual_33.05_-116.85_2006_DPV_,0.8933406100617672
Actual_38.65_-121.05_2006_DPV_,0.8913432136554653
Actual_34.25_-117.65_2006_UPV_,0.8857917825729631
Actual_35.35_-117.85_2006_UPV_,0.8744687103603418
Actual_34.55_-118.55_2006_UPV_,0.8620729943056873
Actual_37.75_-122.05_2006_UPV_,0.8407927732250535
Actual_33.75_-116.15_2006_UPV_,0.8137690441270248
Actual_34.95_-118.25_2006_UPV_,0.8135865013348071
Actual_35.05_-118.15_2006_UPV_,0.7993978313589605
Actual_33.25_-114.85_2006_UPV_,0.7682894722086783
Actual_34.45_-114.65_2006_UPV_,0.7564638867770015
Actual_32.75_-115.45_2006_UPV_,0.6710941854127234
