plant,n_rows,mean_cf,median_cf,std_cf,p05,p95
Actual_33.75_-116.15_2006_UPV_,4363,0.568,0.662,0.244,0.044,0.841
Actual_32.75_-115.45_2006_UPV_,4329,0.549,0.651,0.261,0.0,0.834
Actual_34.95_-118.25_2006_UPV_,4377,0.544,0.632,0.247,0.044,0.834
Actual_35.05_-118.15_2006_UPV_,4377,0.538,0.627,0.243,0.041,0.822
Actual_37.75_-122.05_2006_UPV_,4376,0.471,0.506,0.29,0.01,0.861
Actual_33.25_-114.85_2006_UPV_,4329,0.466,0.523,0.291,0.0,0.856
Actual_33.75_-116.25_2006_DPV_,4363,0.455,0.502,0.282,0.001,0.839
Actual_33.05_-116.85_2006_DPV_,4375,0.439,0.451,0.294,0.001,0.863
Actual_34.45_-114.65_2006_UPV_,4329,0.43,0.472,0.272,0.0,0.797
Actual_35.35_-117.85_2006_UPV_,4377,0.424,0.473,0.268,0.001,0.79
Actual_33.65_-117.25_2006_DPV_,4375,0.421,0.438,0.28,0.001,0.824
Actual_34.25_-117.65_2006_UPV_,4375,0.415,0.439,0.279,0.001,0.815
Actual_34.05_-117.15_2006_DPV_,4375,0.415,0.437,0.278,0.001,0.822
Actual_34.15_-117.25_2006_DPV_,4375,0.403,0.417,0.272,0.001,0.798
Actual_37.45_-121.95_2006_DPV_,4376,0.398,0.382,0.293,0.001,0.863
Actual_34.55_-118.55_2006_UPV_,4377,0.39,0.416,0.262,0.001,0.763
Actual_38.65_-121.05_2006_DPV_,4351,0.384,0.364,0.282,0.001,0.815
Actual_37.95_-121.65_2006_DPV_,4376,0.371,0.357,0.271,0.001,0.791
Actual_38.65_-121.25_2006_DPV_,4351,0.37,0.353,0.272,0.001,0.784
Actual_37.95_-121.75_2006_DPV_,4376,0.369,0.356,0.267,0.001,0.78
